id;nome;endereco;telefone
1;Card;transform;generating enterprise Surinam
2;Avenida virtual;capability Quality Up-sized;Casa
3;Incrível Central Usability;initiatives transmitter synthesize;digital
4;Queijo;driver;Ringgit payment azul
5;fúchsia Central indexing;navigate transitional;Inteligente Cambridgeshire background
6;invoice;cinza East;Loan facilitate Bola
7;calculating online;Frango;Cambridgeshire deposit payment
8;Carro Account;bandwidth;synergize framework
9;Investment Atum Orchestrator;Director;Jóias Avenida payment
10;Mesa Salada Loan;Engineer Security Madeira;Architect vertical
